Date,Open,High,Low,Close,Volume,Dividends,Stock Splits
2020-01-02 00:00:00+07:00,138.481507888446,140.3096466064453,137.56743852944638,140.3096466064453,4994500,0.0,0.0
2020-01-03 00:00:00+07:00,139.85260349961578,141.22370745549438,138.4814995437372,139.39556884765625,5490800,0.0,0.0
2020-01-06 00:00:00+07:00,133.91115322844075,134.36818788109755,131.1689453125,131.1689453125,20065700,0.0,0.0
2020-01-07 00:00:00+07:00,132.54003724851808,133.91114108212344,128.8837603589038,130.71189880371094,17782000,0.0,0.0
2020-01-08 00:00:00+07:00,127.96970367431639,128.4267383302961,126.5985997063773,127.9697036743164,16559900,0.0,0.0
2020-01-09 00:00:00+07:00,129.79784495219425,130.2548796175189,125.22749829894798,126.59860229492188,17901700,0.0,0.0
2020-01-10 00:00:00+07:00,127.05562844016335,127.96969770951705,124.77045526677912,125.68452453613281,14664700,0.0,0.0
2020-01-13 00:00:00+07:00,126.14156173257267,126.59859637653128,123.3993538688211,124.31342315673828,13672700,0.0,0.0
2020-01-14 00:00:00+07:00,123.85637816809174,123.85637816809174,120.65713592758753,121.57120513916016,17895800,0.0,0.0
2020-01-15 00:00:00+07:00,121.11418067729066,123.85638854168215,120.20011138916017,120.20011138916016,18789100,0.0,0.0
2020-01-16 00:00:00+07:00,120.65714761485224,126.59859806558359,119.74307831473972,126.14156341552734,26639200,0.0,0.0
2020-01-17 00:00:00+07:00,128.88377040687803,130.71190899420964,128.88377040687803,129.34080505371094,20187700,0.0,0.0
2020-01-20 00:00:00+07:00,124.31342230902777,125.6845262315538,122.48528374565971,123.39935302734375,18087700,0.0,0.0
2020-01-21 00:00:00+07:00,125.68452203874106,127.96969516671818,125.22748741314564,127.05562591552734,19675300,0.0,0.0
2020-01-22 00:00:00+07:00,127.96970367431639,129.3408076422555,127.5126690183367,127.9697036743164,7487000,0.0,0.0
2020-01-23 00:00:00+07:00,127.05563181954642,129.34080505371094,126.59859717271353,129.34080505371094,32623500,0.0,0.0
2020-01-24 00:00:00+07:00,130.25486235922958,130.71189696399878,127.96968933538344,128.88375854492188,10347800,0.0,0.0
2020-01-27 00:00:00+07:00,127.51265344936469,128.42672264971856,123.39934204777228,123.85637664794922,9451800,0.0,0.0
2020-01-28 00:00:00+07:00,123.39934204777228,126.14154964883389,122.4852728474184,123.85637664794922,8792500,0.0,0.0
2020-01-29 00:00:00+07:00,124.77045174930872,125.22748637110107,119.74307090959299,122.02824401855469,16621100,0.0,0.0
2020-01-30 00:00:00+07:00,120.20011211705291,129.79783970054382,119.74307747022002,129.34080505371094,24659900,0.0,0.0
2020-01-31 00:00:00+07:00,131.62596961187722,131.62596961187722,127.96969267821396,128.42672729492188,13727000,0.0,0.0
2020-02-03 00:00:00+07:00,127.96970201575236,129.34080596592113,126.14156341552733,126.14156341552734,8896500,0.0,0.0
2020-02-04 00:00:00+07:00,126.14156762959723,127.51267162557112,126.14156762959723,126.59860229492188,7450000,0.0,0.0
2020-02-05 00:00:00+07:00,127.05563015407985,128.4267340766059,125.2274915907118,127.51266479492188,12028000,0.0,0.0
2020-02-06 00:00:00+07:00,128.426725747702,131.62596802611452,127.05562191409665,130.71189880371094,11865600,0.0,0.0
2020-02-07 00:00:00+07:00,132.08301461781357,132.08301461781357,129.7978413545296,131.1689453125,6201100,0.0,0.0
2020-02-11 00:00:00+07:00,131.16893156876802,131.62596617353725,127.96968933538344,128.88375854492188,9066300,0.0,0.0
2020-02-12 00:00:00+07:00,129.79783293071546,131.62597142269738,129.34079830771998,130.25486755371094,10590200,0.0,0.0
2020-02-13 00:00:00+07:00,130.71189880371094,130.71189880371094,128.8837603589038,130.71189880371094,6192800,0.0,0.0
2020-02-14 00:00:00+07:00,132.08301461781357,132.54004927047038,130.2548760071864,131.1689453125,9868300,0.0,0.0
2020-02-17 00:00:00+07:00,130.71190728081595,131.6259765625,130.71190728081595,131.6259765625,4749200,0.0,0.0
2020-02-18 00:00:00+07:00,130.71191161019462,130.71191161019462,127.96970367431639,127.9697036743164,11930100,0.0,0.0
2020-02-19 00:00:00+07:00,128.4267297923136,129.79783366909987,126.14155666433649,127.05562591552734,10882300,0.0,0.0
2020-02-20 00:00:00+07:00,127.05562136066493,127.05562136066493,122.02824065934367,122.48527526855469,18707800,0.0,0.0
2020-02-21 00:00:00+07:00,121.57121781700161,122.94232177734374,121.57121781700161,122.94232177734375,7423300,0.0,0.0
2020-02-24 00:00:00+07:00,122.0282482309231,122.48528286849209,118.3719711303711,118.3719711303711,14870700,0.0,0.0
2020-02-25 00:00:00+07:00,118.82900834083556,119.28604298830031,114.71569651365279,117.00086975097656,16958000,0.0,0.0
2020-02-26 00:00:00+07:00,114.2586629628103,114.71569761466155,105.11796992578549,105.57500457763672,36936800,0.0,0.0
2020-02-27 00:00:00+07:00,106.48907212237923,111.9734878540039,106.48907212237923,111.9734878540039,24057600,0.0,0.0
2020-02-28 00:00:00+07:00,103.28982319551356,111.5164462818819,103.28982319551356,108.77423858642578,21719000,0.0,0.0
2020-03-02 00:00:00+07:00,110.14534509377401,113.34458748238985,109.6883104668289,111.51644897460938,19876600,0.0,0.0
2020-03-03 00:00:00+07:00,112.43052333569238,115.17273122192879,112.43052333569238,112.88755798339844,15539000,0.0,0.0
2020-03-04 00:00:00+07:00,111.51645320970185,113.80162643121213,109.68831463249363,111.9734878540039,10878900,0.0,0.0
2020-03-05 00:00:00+07:00,113.34459178691007,114.71569571981625,111.0594185653998,111.9734878540039,9719500,0.0,0.0
2020-03-06 00:00:00+07:00,110.14534844292534,110.60238308376735,106.48907131618923,106.94610595703125,14277300,0.0,0.0
2020-03-09 00:00:00+07:00,102.37575866128796,103.74686257193022,96.43430838183822,97.80541229248047,16474200,0.0,0.0
2020-03-10 00:00:00+07:00,97.80541229248047,101.00465475064571,97.34837765559972,97.80541229248047,12160800,0.0,0.0
2020-03-11 00:00:00+07:00,97.8054148597175,100.09058810410342,95.06320696645439,96.43431091308594,13894800,0.0,0.0
2020-03-12 00:00:00+07:00,89.5787904749366,90.26434244285703,86.37954795797458,87.29361724853516,22962500,0.0,0.0
2020-03-13 00:00:00+07:00,78.60995898820967,91.86396370133804,77.46737237500895,87.29361724853516,27966900,0.0,0.0
2020-03-16 00:00:00+07:00,80.66661410861545,84.32289123535156,79.52402750651041,80.20957946777344,15084200,0.0,0.0
2020-03-17 00:00:00+07:00,79.06698945511219,81.58067987131518,78.60995483398438,78.60995483398438,16193700,0.0,0.0
2020-03-18 00:00:00+07:00,80.4381002081841,81.12365219859475,78.15292690681522,79.75254821777344,16103700,0.0,0.0
2020-03-19 00:00:00+07:00,79.29551103624995,80.43809765060513,78.60995906763684,79.0669937133789,15540200,0.0,0.0
2020-03-20 00:00:00+07:00,82.26623042937247,86.60805925758936,79.98105736188991,85.00843811035156,15805400,0.0,0.0
2020-03-23 00:00:00+07:00,74.95367758958497,77.23885068682843,72.43998718261719,72.43998718261719,17947300,0.0,0.0
2020-03-24 00:00:00+07:00,75.41071396839769,75.8677485985092,72.21147155761719,72.21147155761719,17142300,0.0,0.0
2020-03-25 00:00:00+07:00,74.49665069580078,75.6392373629143,72.89702936184187,74.49665069580078,15671700,0.0,0.0
2020-03-26 00:00:00+07:00,73.58257230122884,78.38143571217854,73.58257230122884,76.78181457519531,19245800,0.0,0.0
2020-03-27 00:00:00+07:00,79.52403246454831,85.46548316592262,79.29551512988007,81.5806884765625,28582200,0.0,0.0
2020-03-30 00:00:00+07:00,77.69589233398438,77.69589233398438,77.69589233398438,77.69589233398438,1562500,0.0,0.0
2020-03-31 00:00:00+07:00,80.43808700478142,84.32288097944416,79.98105241952699,83.6373291015625,18809300,0.0,0.0
2020-04-01 00:00:00+07:00,82.95178382592566,83.86585306918656,80.66661071777344,80.66661071777344,14474100,0.0,0.0
2020-04-02 00:00:00+07:00,80.4381001222067,81.80920410156251,78.60996148306565,81.8092041015625,14329800,0.0,0.0
2020-04-03 00:00:00+07:00,81.35216606987846,81.58068339029947,79.0669928656684,80.20957946777344,13181500,0.0,0.0
2020-04-07 00:00:00+07:00,84.0943731004202,88.20768482815815,82.72326919117423,87.52213287353516,20920200,0.0,0.0
2020-04-08 00:00:00+07:00,87.06509262084961,94.14912902832032,86.15102340698243,91.40692138671875,27756300,0.0,0.0
2020-04-09 00:00:00+07:00,92.84264244666466,96.67120502178486,91.40693148099459,93.32121276855469,22777600,4.5,0.0
2020-04-10 00:00:00+07:00,92.84264124820108,92.84264124820108,89.49264903821444,90.92835998535156,7441800,0.0,0.0
2020-04-13 00:00:00+07:00,89.97121935392681,91.88550061677631,89.97121935392681,90.92835998535156,5028700,0.0,0.0
2020-04-14 00:00:00+07:00,91.8855097903481,94.51764678955078,91.4069394268567,94.51764678955078,9245400,0.0,0.0
2020-04-15 00:00:00+07:00,95.47476867356225,97.1497646152037,91.40692138671875,91.40692138671875,11697300,0.0,0.0
2020-04-16 00:00:00+07:00,90.68906355151242,92.60334457634644,90.2104932953039,92.36405944824219,7515100,0.0,0.0
2020-04-17 00:00:00+07:00,95.47476762713808,96.67119328662602,92.36406091246941,94.75691223144531,13200900,0.0,0.0
2020-04-20 00:00:00+07:00,95.71406415119263,100.49976735875225,94.99620867005868,99.06405639648438,19985300,0.0,0.0
2020-04-21 00:00:00+07:00,96.67119842214683,96.67119842214683,92.84263610839844,92.84263610839844,17942300,0.0,0.0
2020-04-22 00:00:00+07:00,89.25335678565534,89.49264192449088,86.14264998079337,86.3819351196289,31340700,0.0,0.0
2020-04-23 00:00:00+07:00,86.62122344970703,88.53550463091602,86.3819383020559,86.62122344970703,14071000,0.0,0.0
2020-04-24 00:00:00+07:00,86.62122082036767,87.09979110114318,84.22836941649011,84.70693969726562,14397600,0.0,0.0
2020-04-27 00:00:00+07:00,85.1855197187783,85.42480488652768,82.31409770578577,82.55338287353516,13870900,0.0,0.0
2020-04-28 00:00:00+07:00,82.07481008467406,82.79266556646421,79.9212436393036,80.63909912109375,26081400,0.0,0.0
2020-04-29 00:00:00+07:00,81.1176585469927,82.07479906082152,80.16051803316388,80.3998031616211,20747300,0.0,0.0
2020-04-30 00:00:00+07:00,80.8783866992895,83.27123837678329,80.39981636379076,82.55338287353516,33184300,0.0,0.0
2020-05-05 00:00:00+07:00,82.3140856792472,83.74979647597826,81.83551541367018,82.79265594482422,16987000,0.0,0.0
2020-05-07 00:00:00+07:00,82.55337517540734,83.03194546627927,79.68195343017578,79.68195343017578,16947700,0.0,0.0
2020-05-08 00:00:00+07:00,80.16052691522472,80.87838238013718,79.9212417602539,79.9212417602539,6692800,0.0,0.0
2020-05-11 00:00:00+07:00,80.63909342148725,82.55337457095875,80.63909342148725,81.35694885253906,8942600,0.0,0.0
2020-05-12 00:00:00+07:00,81.11766944228718,81.3569546028839,80.39981396049703,80.63909912109375,14080100,0.0,0.0
2020-05-13 00:00:00+07:00,80.63909657050438,81.59623718261719,80.39981141747617,81.59623718261719,7892000,0.0,0.0
2020-05-14 00:00:00+07:00,81.11766944228718,81.11766944228718,80.39981396049703,80.63909912109375,4952800,0.0,0.0
2020-05-15 00:00:00+07:00,80.39980240098659,80.63908752718001,79.20337677001953,79.20337677001953,10395800,0.0,0.0
2020-05-18 00:00:00+07:00,79.44267082794097,80.1605262872296,78.72481536865234,78.72481536865234,9259600,0.0,0.0
2020-05-19 00:00:00+07:00,80.63909594217937,83.9890880584717,80.39981079101564,83.27123260498047,26622000,0.0,0.0
2020-05-20 00:00:00+07:00,84.2283706665039,84.70694095438178,83.27123009074819,84.2283706665039,16666600,0.0,0.0
2020-05-21 00:00:00+07:00,84.70695447511865,84.70695447511865,83.03195820018692,83.51052856445312,12975400,0.0,0.0
2020-05-22 00:00:00+07:00,83.03194358334903,83.03194358334903,81.11766246327183,81.83551788330078,12036200,0.0,0.0
2020-05-25 00:00:00+07:00,82.31409200032553,83.74980290730795,82.31409200032553,83.27123260498047,5999300,0.0,0.0
2020-05-26 00:00:00+07:00,83.9890886906524,85.42479960844132,83.74980353768757,84.46765899658203,13289000,0.0,0.0
2020-05-27 00:00:00+07:00,85.4247977114514,87.81764918796264,85.4247977114514,86.62122344970703,26095900,0.0,0.0
2020-05-28 00:00:00+07:00,90.21050198872885,92.12478319803874,90.21050198872885,91.885498046875,38821500,0.0,0.0
2020-05-29 00:00:00+07:00,90.92835744222006,91.88549804687501,89.97121683756511,91.885498046875,21773100,0.0,0.0
2020-06-01 00:00:00+07:00,92.8426380206252,95.23548951600213,92.60335287108751,93.56049346923828,20529200,0.0,0.0
2020-06-02 00:00:00+07:00,94.75691734313965,96.19262821197509,94.27834705352784,95.71405792236328,22900800,0.0,0.0
2020-06-04 00:00:00+07:00,100.49976813274881,110.07117462158203,100.02119780830715,110.07117462158203,53256900,0.0,0.0
2020-06-05 00:00:00+07:00,113.89973195393881,114.85687255859376,110.07116953531902,111.9854507446289,33996600,0.0,0.0
2020-06-08 00:00:00+07:00,112.46402104695639,112.46402104695639,107.67831802368165,109.11402893066406,19463100,0.0,0.0
2020-06-09 00:00:00+07:00,109.11403149630115,113.42116431852357,106.24260961481954,108.15689086914062,26018000,0.0,0.0
2020-06-10 00:00:00+07:00,109.59259298431003,111.98544435951331,109.11402270926938,111.50687408447266,23181600,0.0,0.0
2020-06-11 00:00:00+07:00,109.59260443278721,110.54974508285522,105.76404183251516,107.19975280761719,19658200,0.0,0.0
2020-06-12 00:00:00+07:00,102.89260864257811,104.32831946084664,102.41403836982194,102.89260864257812,20000700,0.0,0.0
2020-06-15 00:00:00+07:00,99.5426174864477,100.02118776282485,93.79977416992188,93.79977416992188,35063300,0.0,0.0
2020-06-16 00:00:00+07:00,99.54261486939708,100.02118513319226,94.75691223144531,94.75691223144531,30227200,0.0,0.0
2020-06-17 00:00:00+07:00,94.03906628601533,97.14977331328811,92.84264050629504,95.47477722167969,19243200,0.0,0.0
2020-06-18 00:00:00+07:00,92.36406772154982,94.03906376831367,91.16764197386134,93.56049346923828,26829900,0.0,0.0
2020-06-19 00:00:00+07:00,92.84264316011036,93.08192832289416,90.92836185784004,91.6462173461914,19896900,0.0,0.0
2020-06-22 00:00:00+07:00,85.42479705810547,88.53550395377877,85.42479705810547,85.42479705810547,65244600,0.0,0.0
2020-06-23 00:00:00+07:00,85.9033641386568,87.0997898230392,84.94622359115087,85.18550872802734,40562800,0.0,0.0
2020-06-24 00:00:00+07:00,86.14264998079337,88.53550136914873,86.14264998079337,86.3819351196289,35723400,0.0,0.0
2020-06-25 00:00:00+07:00,85.9033674121226,88.2962188720703,85.66408226612783,88.29621887207031,24137900,0.0,0.0
2020-06-26 00:00:00+07:00,88.77479626582219,89.01408143095918,86.86051494472629,87.09980010986328,15789600,0.0,0.0
2020-06-29 00:00:00+07:00,86.14265133428445,89.01407304542727,86.14265133428445,88.77478790283203,16833100,0.0,0.0
2020-06-30 00:00:00+07:00,89.73192721205807,90.68906776898667,89.25335693359375,89.25335693359375,19695700,0.0,0.0
2020-07-01 00:00:00+07:00,89.49263959727806,90.44978012773022,88.53549906682588,90.21049499511719,13498700,0.0,0.0
2020-07-02 00:00:00+07:00,90.92835553987759,91.88549612450788,89.9712149552473,91.16764068603516,17088800,0.0,0.0
2020-07-03 00:00:00+07:00,90.68907359355204,91.16764390275284,88.53550720214844,88.53550720214844,17671100,0.0,0.0
2020-07-07 00:00:00+07:00,89.97121091059745,89.97121091059745,86.86050415039062,86.86050415039062,13937900,0.0,0.0
2020-07-08 00:00:00+07:00,86.86050676207016,89.49264333061774,86.86050676207016,88.77478790283203,14622200,0.0,0.0
2020-07-09 00:00:00+07:00,89.25336266594964,89.97121812975084,88.53550720214844,88.53550720214844,9928800,0.0,0.0
2020-07-10 00:00:00+07:00,88.0569317927126,88.7747872149358,87.09979122974833,87.57836151123047,11346500,0.0,0.0
2020-07-13 00:00:00+07:00,88.05694342719184,88.29622859954834,85.90337687598334,86.14266204833984,8199400,0.0,0.0
2020-07-14 00:00:00+07:00,85.1855101038198,87.81764665197153,84.94622496307873,87.57836151123047,13394300,0.0,0.0
2020-07-15 00:00:00+07:00,88.53550848753557,89.49264911983325,87.57836785523789,88.05693817138672,12546000,0.0,0.0
2020-07-16 00:00:00+07:00,87.81765111635809,88.0569362692637,86.86051050473566,87.33908081054688,9095400,0.0,0.0
2020-07-17 00:00:00+07:00,87.09979053613552,87.57836081380658,86.14264998079337,86.3819351196289,9002600,0.0,0.0
2020-07-20 00:00:00+07:00,86.38193957010905,86.38193957010905,83.03194745381674,83.27123260498047,34755100,0.0,0.0
2020-07-21 00:00:00+07:00,83.98908678327287,85.42479766845703,83.5105164882115,83.74980163574219,19514600,0.0,0.0
2020-07-22 00:00:00+07:00,83.27123837678329,83.51052354453266,82.31409770578577,82.55338287353516,12082000,0.0,0.0
2020-07-23 00:00:00+07:00,82.55337399089716,83.98908484291275,82.31408884889456,83.03194427490234,13491100,0.0,0.0
2020-07-24 00:00:00+07:00,82.31409136268906,82.5533765119992,81.83552106406877,82.0748062133789,9490600,0.0,0.0
2020-07-29 00:00:00+07:00,82.074801594378,82.31408673022167,78.72480969256665,79.44266510009766,26130500,0.0,0.0
2020-07-30 00:00:00+07:00,79.92123662775214,81.11766232577239,78.96409606933595,78.96409606933594,13854300,0.0,0.0
2020-07-31 00:00:00+07:00,76.81053352355958,77.76767412821452,76.3319632212321,77.52838897705078,28828600,0.0,0.0
2020-08-03 00:00:00+07:00,77.0498192969789,79.44267082794097,76.57124899078647,78.72481536865234,18877700,0.0,0.0
2020-08-04 00:00:00+07:00,79.44266510009766,81.11766105100334,79.203379964254,79.44266510009766,13091500,0.0,0.0
2020-08-05 00:00:00+07:00,80.39980564347233,80.63909077931599,78.96409482841032,79.44266510009766,13253200,0.0,0.0
2020-08-06 00:00:00+07:00,79.20338313930385,80.39980886648367,79.20338313930385,79.68195343017578,8996700,0.0,0.0
2020-08-07 00:00:00+07:00,79.68195023594133,80.16052050762866,79.203379964254,79.44266510009766,6604800,0.0,0.0
2020-08-10 00:00:00+07:00,80.39980240098659,80.63908752718001,79.20337677001953,79.20337677001953,6893000,0.0,0.0
2020-08-11 00:00:00+07:00,79.92124111141977,82.55337779473001,79.68195595839157,81.59623718261719,25089400,0.0,0.0
2020-08-13 00:00:00+07:00,83.51051411863233,87.81764665197153,83.27122897789127,87.57836151123047,54642900,0.0,0.0
2020-08-14 00:00:00+07:00,87.0997898230392,87.33907495991568,84.7069384542744,85.18550872802734,19871500,0.0,0.0
2020-08-17 00:00:00+07:00,85.42480090540698,85.90337121860254,83.51051965262477,83.98908996582031,18287000,0.0,0.0
2020-08-18 00:00:00+07:00,84.22837132900035,85.6640822039265,83.98908618317932,85.42479705810547,18629700,0.0,0.0
2020-08-19 00:00:00+07:00,85.90337121860254,85.90337121860254,83.0319493394292,83.98908996582031,22279300,0.0,0.0
2020-08-20 00:00:00+07:00,82.5533765119992,83.27123195992962,81.83552106406877,82.0748062133789,16490400,0.0,0.0
2020-08-21 00:00:00+07:00,82.79265844333939,83.03194358334903,81.83551788330078,81.83551788330078,5366300,0.0,0.0
2020-08-24 00:00:00+07:00,82.55337517540734,82.79266032084331,79.20338313930385,79.68195343017578,26790200,0.0,0.0
2020-08-25 00:00:00+07:00,81.11766875067423,83.98909065335296,81.11766875067423,82.31409454345703,22393200,0.0,0.0
2020-08-26 00:00:00+07:00,82.79266486057016,83.03195001912673,81.11766875067423,82.31409454345703,12859700,0.0,0.0
2020-08-27 00:00:00+07:00,82.07480302331044,82.55337330332974,81.11766246327183,81.83551788330078,9261300,0.0,0.0
2020-08-28 00:00:00+07:00,83.03194427490236,84.70694026892055,82.79265913289976,83.03194427490234,24574200,0.0,0.0
2020-08-31 00:00:00+07:00,83.51052104825436,84.22837653004451,80.39981396049703,80.63909912109375,27106800,0.0,0.0
2020-09-01 00:00:00+07:00,80.87837265337342,81.35694290576025,78.7248065176327,79.20337677001953,17959600,0.0,0.0
2020-09-02 00:00:00+07:00,79.44267145031226,79.9212417602539,78.48553083042898,79.9212417602539,14094300,0.0,0.0
2020-09-03 00:00:00+07:00,80.1605262872296,80.3998114403258,78.72481536865234,78.72481536865234,10596400,0.0,0.0
2020-09-08 00:00:00+07:00,78.48553597853959,78.96410631987214,77.76768046654075,78.00696563720703,11234800,0.0,0.0
2020-09-09 00:00:00+07:00,77.28909576047224,79.20337677001953,77.04981063427881,79.20337677001953,14118200,0.0,0.0
2020-09-10 00:00:00+07:00,78.96410052174855,79.44267082794097,78.00695990936373,78.72481536865234,7555700,0.0,0.0
2020-09-11 00:00:00+07:00,78.72482114920587,79.4426766612047,78.00696563720703,78.00696563720703,11559200,0.0,0.0
2020-09-14 00:00:00+07:00,78.48552635358213,78.48552635358213,77.04981550565076,77.28910064697266,10349300,0.0,0.0
2020-09-15 00:00:00+07:00,78.00695927937826,78.00695927937826,77.04981867472331,77.52838897705078,8801600,0.0,0.0
2020-09-16 00:00:00+07:00,77.28911090719288,77.28911090719288,75.85339986866917,76.33197021484375,15542600,0.0,0.0
2020-09-17 00:00:00+07:00,76.57125485171179,76.81054002312338,75.13554382324219,75.13554382324219,19895600,0.0,0.0
2020-09-18 00:00:00+07:00,76.09267618054541,77.04981676143278,75.85339103532357,76.81053161621094,16626400,0.0,0.0
2020-09-21 00:00:00+07:00,76.57124579707279,77.04981608330449,75.13553493837767,75.61410522460938,14201500,0.0,0.0
2020-09-22 00:00:00+07:00,74.65696327359069,74.8962484122881,72.74268216401144,73.22125244140625,18257500,0.0,0.0
2020-09-23 00:00:00+07:00,73.46053943569814,73.93910972518151,71.06768798828125,71.06768798828125,23323700,0.0,0.0
2020-09-24 00:00:00+07:00,70.34983629283337,74.17839881217125,69.87126597791614,72.50340270996094,27881100,0.0,0.0
2020-09-25 00:00:00+07:00,73.69982398183723,74.17839426743356,72.26411312504818,72.74268341064453,14695400,0.0,0.0
2020-09-28 00:00:00+07:00,73.93911541632886,76.33196704792526,73.69983025316922,76.09268188476562,15505800,0.0,0.0
2020-09-29 00:00:00+07:00,75.85339291890463,76.3319632212321,74.41768201192221,74.65696716308594,13139400,0.0,0.0
2020-09-30 00:00:00+07:00,74.89624714541745,75.85338768401704,73.46053633751808,73.69982147216797,16232500,0.0,0.0
2020-10-01 00:00:00+07:00,74.17839369206567,75.13553425583426,73.93910855112352,74.41767883300781,17506500,0.0,0.0
2020-10-02 00:00:00+07:00,74.17839881217125,74.41768396962986,71.78554723758508,72.50340270996094,17375800,0.0,0.0
2020-10-05 00:00:00+07:00,72.74268467378931,74.17839555550884,72.02482923292955,72.26411437988281,9769100,0.0,0.0
2020-10-06 00:00:00+07:00,72.74267822265625,72.74267822265625,70.58911209106446,71.78553771972656,23749400,0.0,0.0
2020-10-07 00:00:00+07:00,71.78554981448579,72.02483498053407,70.82840915029264,71.5462646484375,14715100,0.0,0.0
2020-10-08 00:00:00+07:00,71.7855440859763,73.22125496769583,71.7855440859763,72.26411437988281,19422700,0.0,0.0
2020-10-09 00:00:00+07:00,72.50339632256086,72.98196659531703,72.02482604980469,72.02482604980469,12523200,0.0,0.0
2020-10-12 00:00:00+07:00,72.02482284545898,72.74267822265625,71.78553771972656,71.78553771972656,17522800,0.0,0.0
2020-10-14 00:00:00+07:00,70.82840800037846,71.0676931625419,68.91412670307093,69.15341186523438,38576600,0.0,0.0
2020-10-15 00:00:00+07:00,68.67483588440778,70.82840216649723,67.95698045704464,69.87126159667969,33749400,0.0,0.0
2020-10-16 00:00:00+07:00,70.5891202334251,70.82840538675875,69.39269446675688,70.11054992675781,18079100,0.0,0.0
2020-10-19 00:00:00+07:00,69.87126348380907,69.87126348380907,66.99984169680323,67.71769714355469,25974800,0.0,0.0
2020-10-20 00:00:00+07:00,68.67483900675595,70.5891202334251,68.67483900675595,70.11054992675781,25171600,0.0,0.0
2020-10-21 00:00:00+07:00,71.30697692266784,72.74268786741955,71.06769176520923,72.50340270996094,37083200,0.0,0.0
2020-10-22 00:00:00+07:00,72.02482604980469,72.74268145893895,71.06768550429233,72.02482604980469,16607100,0.0,0.0
2020-10-26 00:00:00+07:00,72.26411694008232,72.26411694008232,71.30697631835938,71.30697631835938,10842000,0.0,0.0
2020-10-27 00:00:00+07:00,71.30697313302295,71.54625827776464,70.34983255405619,71.06768798828125,19190700,0.0,0.0
2020-10-28 00:00:00+07:00,71.54625259399415,72.50339309692383,71.30696746826173,71.78553771972656,15392700,0.0,0.0
2020-10-29 00:00:00+07:00,71.0676861931296,73.46053758010366,70.82840105443219,73.22125244140625,19818900,0.0,0.0
2020-10-30 00:00:00+07:00,72.98197174072266,73.46054204721919,71.7855459744813,72.98197174072266,20199300,0.0,0.0
2020-11-02 00:00:00+07:00,72.74268216401144,73.46053758010366,72.02482674791922,73.22125244140625,12113600,0.0,0.0
2020-11-03 00:00:00+07:00,74.17839686075847,74.65696716308595,73.22125625610353,74.65696716308594,29357800,0.0,0.0
2020-11-04 00:00:00+07:00,75.37482979243275,75.61411496637699,73.4605484008789,73.4605484008789,18793800,0.0,0.0
2020-11-05 00:00:00+07:00,73.69983279477259,75.13554382324219,72.98197728053779,75.13554382324219,38784600,0.0,0.0
2020-11-06 00:00:00+07:00,74.89625045443621,78.24624248754198,73.93910987354884,76.81053161621094,52524900,0.0,0.0
2020-11-09 00:00:00+07:00,78.00696056673985,78.24624572185256,76.57124963606365,77.04981994628906,30661400,0.0,0.0
2020-11-10 00:00:00+07:00,83.27122614933893,90.68906526034327,82.07480048627372,90.21049499511719,118683700,0.0,0.0
2020-11-11 00:00:00+07:00,91.88550592237902,93.79978729576192,87.33908766059464,89.01408386230469,92492000,0.0,0.0
2020-11-12 00:00:00+07:00,87.33907567497106,87.57836081380658,84.4676540089446,86.3819351196289,75201300,0.0,0.0
2020-11-13 00:00:00+07:00,87.57835853637371,91.64620579079543,87.09978827114762,90.21049499511719,76412000,0.0,0.0
2020-11-16 00:00:00+07:00,91.88550513275065,92.36407547198372,89.97122377581834,90.68907928466797,33619700,0.0,0.0
2020-11-17 00:00:00+07:00,90.21049943883368,91.40692516083412,89.01407371683322,89.9712142944336,50343100,0.0,0.0
2020-11-18 00:00:00+07:00,89.01407247876364,90.9283536073392,88.05693191447585,90.44978332519531,40797900,0.0,0.0
2020-11-19 00:00:00+07:00,89.97122051532452,93.32121276855469,89.7319353543795,93.32121276855469,63456700,0.0,0.0
2020-11-20 00:00:00+07:00,94.99620263081675,102.4140421309561,93.32120661465626,101.45690155029297,101381600,0.0,0.0
2020-11-23 00:00:00+07:00,101.45690409342448,103.37118530273439,99.54262288411459,103.37118530273438,41678600,0.0,0.0
2020-11-24 00:00:00+07:00,105.28546518624111,105.28546518624111,100.49976222323015,100.97833251953125,40313900,0.0,0.0
2020-11-25 00:00:00+07:00,104.32832469690315,109.59259796142578,102.8926138065788,109.59259796142578,61907300,0.0,0.0
2020-11-26 00:00:00+07:00,107.67831677432665,110.07116825820057,106.72117618077708,109.59259796142578,37486500,0.0,0.0
2020-11-27 00:00:00+07:00,109.11403020783143,109.59260051576052,108.15688959197327,108.63545989990234,18929900,0.0,0.0
2020-11-30 00:00:00+07:00,107.6783206246116,108.63546125238592,105.28546905517578,105.28546905517578,36533300,0.0,0.0
2020-12-01 00:00:00+07:00,107.19975151909723,109.59260311550565,106.72118119981555,107.6783218383789,25805200,0.0,0.0
2020-12-02 00:00:00+07:00,107.67830904289212,109.11401983013069,106.72116851806642,106.7211685180664,33769200,0.0,0.0
2020-12-03 00:00:00+07:00,107.67831430806741,111.02830630876285,107.19974402225378,110.54973602294922,33792300,0.0,0.0
2020-12-04 00:00:00+07:00,111.028303809432,112.46401463455396,110.54973353439135,111.50687408447266,23449100,0.0,0.0
2020-12-08 00:00:00+07:00,111.98544348739996,120.5997083710461,111.50687321608628,117.72828674316406,67949000,0.0,0.0
2020-12-09 00:00:00+07:00,117.24972791632507,121.0782904605316,115.3354466442218,116.29258728027344,54503200,0.0,0.0
2020-12-14 00:00:00+07:00,115.81401316324872,117.24972407023114,111.50688044230144,111.9854507446289,47227100,0.0,0.0
2020-12-15 00:00:00+07:00,111.98545074462892,112.46402104695639,108.15688832600912,111.9854507446289,40969800,0.0,0.0
2020-12-16 00:00:00+07:00,113.89973069820167,115.33544158935547,112.46401980704786,115.33544158935547,26393200,0.0,0.0
2020-12-17 00:00:00+07:00,114.85687632619599,116.77115759829925,114.85687632619599,116.29258728027344,19187900,0.0,0.0
2020-12-18 00:00:00+07:00,116.2925782724589,116.2925782724589,113.42115658671916,113.89972686767578,24695900,0.0,0.0
2020-12-21 00:00:00+07:00,107.6783206246116,110.54974250793458,105.28546905517578,105.28546905517578,55067900,0.0,0.0
2020-12-22 00:00:00+07:00,107.67832299937373,110.07117462158203,106.24261202604875,110.07117462158203,32724500,0.0,0.0
2020-12-23 00:00:00+07:00,110.07117343478734,110.54974375406903,107.67832183837892,107.6783218383789,19831100,0.0,0.0
2020-12-24 00:00:00+07:00,108.15688459388105,110.54973602294922,107.19974402225378,110.54973602294922,19122800,0.0,0.0
2020-12-25 00:00:00+07:00,110.54974236981623,111.50688299639472,109.11403142994848,111.02831268310547,9632800,0.0,0.0
2020-12-28 00:00:00+07:00,111.0283008797821,111.0283008797821,106.72116851806642,106.7211685180664,17195100,0.0,0.0
2020-12-29 00:00:00+07:00,107.19975267493207,110.07117462158203,107.19975267493207,110.07117462158203,13475500,0.0,0.0
2020-12-30 00:00:00+07:00,111.02831275062223,111.02831275062223,107.19975024198008,108.15689086914062,13312200,0.0,0.0
2021-01-04 00:00:00+07:00,105.28546898765902,108.15689086914062,105.28546898765902,108.15689086914062,21941800,0.0,0.0
2021-01-05 00:00:00+07:00,108.15688832600912,109.59259923299155,106.7211774190267,109.11402893066406,16063700,0.0,0.0
2021-01-06 00:00:00+07:00,110.07116325935068,114.85686600975724,108.63545243422872,111.50687408447266,42352500,0.0,0.0
2021-01-07 00:00:00+07:00,117.7282956493144,117.7282956493144,115.33544411172672,117.24972534179688,45568300,0.0,0.0
2021-01-08 00:00:00+07:00,118.2068685523767,118.68543887040252,115.81401696224762,116.29258728027344,22647800,0.0,0.0
2021-01-11 00:00:00+07:00,115.81401316324872,116.29258346557619,114.37830225626628,114.85687255859375,12177600,0.0,0.0
2021-01-12 00:00:00+07:00,114.85687383547986,114.85687383547986,112.94259260488852,114.37830352783203,14571600,0.0,0.0
2021-01-13 00:00:00+07:00,114.85687632619599,117.72829823435089,114.37830600817017,116.29258728027344,19836100,0.0,0.0
2021-01-14 00:00:00+07:00,114.85687383547986,116.29258475842335,113.89973322018419,114.37830352783203,12534300,0.0,0.0
2021-01-15 00:00:00+07:00,114.37829195442846,114.85686221365202,111.98544065831071,112.94258117675781,14866900,0.0,0.0
2021-01-18 00:00:00+07:00,111.50687659457648,111.98544688039011,110.07116573713559,110.54973602294922,16749100,0.0,0.0
2021-01-19 00:00:00+07:00,111.50688559490702,112.46402624379034,109.11403397269872,110.07117462158203,24200700,0.0,0.0
2021-01-20 00:00:00+07:00,111.02831268310547,111.50688299639472,109.59260174323772,111.02831268310547,13909500,0.0,0.0
2021-01-21 00:00:00+07:00,115.81401562500001,120.12114843750001,115.3354453125,119.642578125,67323100,0.0,0.0
2021-01-22 00:00:00+07:00,120.59970873455667,124.4282709166061,120.1211384618005,123.47113037109375,46009700,0.0,0.0
2021-01-25 00:00:00+07:00,121.55685551458667,122.51399610918972,118.68543373077753,121.07828521728516,24126800,0.0,0.0
2021-01-26 00:00:00+07:00,121.07829027362898,122.99257154277727,119.1640090044807,122.03543090820312,22020200,0.0,0.0
2021-01-27 00:00:00+07:00,121.55685807794215,122.51399869272909,119.64257684836825,120.12114715576172,20591200,0.0,0.0
2021-01-28 00:00:00+07:00,119.16400657186702,119.16400657186702,116.77115503427933,117.24972534179688,23668400,0.0,0.0
2021-01-29 00:00:00+07:00,121.07828395573173,122.99256512499232,118.68543249415602,121.55685424804688,43115600,0.0,0.0
2021-02-01 00:00:00+07:00,122.03541972420432,127.29969273191509,121.55684945077606,126.3425521850586,33845200,0.0,0.0
2021-02-02 00:00:00+07:00,129.21396852449607,129.21396852449607,124.9068362403462,125.38540649414062,22938300,0.0,0.0
2021-02-03 00:00:00+07:00,128.25682953680945,129.21397005574087,126.34254849894663,127.77825927734375,30346200,0.0,0.0
2021-02-04 00:00:00+07:00,128.735403724953,131.12825509530526,126.3425523546007,129.21397399902344,23766300,0.0,0.0
2021-02-05 00:00:00+07:00,130.6496925354004,132.0854034423828,130.17112223307294,132.0854034423828,17134200,0.0,0.0
2021-02-08 00:00:00+07:00,133.5211071092255,140.6996612548828,132.56396655647123,140.6996612548828,43852600,0.0,0.0
2021-02-09 00:00:00+07:00,140.69966376317691,142.1353746179032,138.30681233863308,139.74252319335938,29688500,0.0,0.0
2021-02-10 00:00:00+07:00,139.7425347034494,140.22110502777628,136.39254243316122,138.30682373046875,18244200,0.0,0.0
2021-02-11 00:00:00+07:00,138.30679963210534,139.74251035492995,136.39251866833916,138.78536987304688,10893800,0.0,0.0
2021-02-15 00:00:00+07:00,139.2639605648868,139.2639605648868,135.91396838634998,136.87110900878906,14396400,0.0,0.0
2021-02-16 00:00:00+07:00,139.74252181103006,140.2210920912048,136.87110012998147,137.34967041015625,14893400,0.0,0.0
2021-02-17 00:00:00+07:00,137.3496780135119,141.1782404668502,136.8711077068446,140.22109985351562,18069000,0.0,0.0
2021-02-18 00:00:00+07:00,140.2210920912048,140.2210920912048,136.87110012998147,137.34967041015625,13568500,0.0,0.0
2021-02-19 00:00:00+07:00,135.91397354450632,136.39254387388837,132.56398123883184,134.9568328857422,20132900,0.0,0.0
2021-02-22 00:00:00+07:00,133.99969638922278,134.9568370777172,130.6497039794922,130.6497039794922,16186600,0.0,0.0
2021-02-23 00:00:00+07:00,135.4353994280634,135.91396974406362,132.56397753206207,133.5211181640625,15223500,0.0,0.0
2021-02-24 00:00:00+07:00,134.47826140365876,134.95683172893868,131.12826912669928,132.56398010253906,16828200,0.0,0.0
2021-02-25 00:00:00+07:00,134.95682398927508,136.8711051806123,133.52111309577214,135.43539428710938,30423200,0.0,0.0
2021-03-01 00:00:00+07:00,137.3496754784466,138.30681607411523,135.91396458494367,135.43539428710938,16362100,0.0,0.0
2021-03-02 00:00:00+07:00,138.78538125068053,139.26395153085528,137.34967041015625,137.34967041015625,9558900,0.0,0.0
2021-03-03 00:00:00+07:00,138.30680987299704,140.6996612548828,136.8710990438656,140.6996612548828,18050900,0.0,0.0
2021-03-04 00:00:00+07:00,139.2639643791225,140.22110502777628,137.82825340614187,138.30682373046875,14627000,0.0,0.0
2021-03-05 00:00:00+07:00,138.30682597590928,144.04966996106813,137.34968531171614,143.092529296875,33955700,0.0,0.0
2021-03-08 00:00:00+07:00,145.48536800294613,146.4425085819129,141.65680568707913,142.1353759765625,17795300,0.0,0.0
2021-03-09 00:00:00+07:00,141.6568145751953,141.6568145751953,139.26396297764134,141.6568145751953,14450600,0.0,0.0
2021-03-10 00:00:00+07:00,139.742536972199,143.092529296875,138.30682597590928,143.092529296875,20868100,0.0,0.0
2021-03-11 00:00:00+07:00,145.00679264512172,145.4853629178779,143.092511554097,144.04965209960938,15871400,0.0,0.0
2021-03-12 00:00:00+07:00,144.04965318952287,144.52822346590003,140.6996612548828,140.6996612548828,15997600,0.0,0.0
2021-03-15 00:00:00+07:00,141.1782430537378,141.6568133691742,138.7853914765558,139.2639617919922,12424800,0.0,0.0
2021-03-16 00:00:00+07:00,139.2639401139884,140.22108059587148,138.30679963210534,138.78536987304688,13289700,0.0,0.0
2021-03-17 00:00:00+07:00,139.26395042575135,141.17823153125997,138.7853801493742,140.6996612548828,11453500,0.0,0.0
2021-03-18 00:00:00+07:00,142.13537851107324,143.0925191071074,140.699667617022,141.17823791503906,17827700,0.0,0.0
2021-03-19 00:00:00+07:00,140.699667617022,141.17823791503906,140.2210973190049,141.17823791503906,9148200,0.0,0.0
2021-03-22 00:00:00+07:00,141.1782430537378,141.1782430537378,139.2639617919922,139.2639617919922,8724800,0.0,0.0
2021-03-23 00:00:00+07:00,138.78539405479563,139.7425347034494,137.82825340614187,138.30682373046875,15152200,0.0,0.0
2021-03-24 00:00:00+07:00,136.8710889092807,138.78536987304688,136.8710889092807,138.78536987304688,14161200,0.0,0.0
2021-03-25 00:00:00+07:00,139.26395290845062,141.17823404808567,137.82824205372432,139.74252319335938,15870400,0.0,0.0
2021-03-26 00:00:00+07:00,140.22109985351562,140.22109985351562,138.30681862684648,140.22109985351562,5654300,0.0,0.0
2021-03-29 00:00:00+07:00,140.6996701601829,140.6996701601829,139.26395924018104,140.22109985351562,5007600,0.0,0.0
2021-03-30 00:00:00+07:00,140.22109097850566,141.17823153125997,139.7425207021285,140.6996612548828,4908100,0.0,0.0
2021-03-31 00:00:00+07:00,140.69965083681302,141.17822107775459,138.78536987304688,138.78536987304688,10384600,0.0,0.0
2021-04-01 00:00:00+07:00,138.78539265813055,142.1353848947061,138.78539265813055,141.6568145751953,20643500,0.0,0.0
2021-04-02 00:00:00+07:00,143.09251263676856,143.09251263676856,140.22109097850566,140.6996612548828,7814300,0.0,0.0
2021-04-05 00:00:00+07:00,140.69965083681302,141.17822107775459,138.78536987304688,138.78536987304688,6154000,0.0,0.0
2021-04-07 00:00:00+07:00,138.3068199424477,138.78539025366723,136.87110900878906,136.87110900878906,12075900,0.0,0.0
2021-04-08 00:00:00+07:00,135.91396838634998,138.78539025366723,135.43539807513045,136.87110900878906,11431800,0.0,0.0
2021-04-09 00:00:00+07:00,137.34967932000862,137.82824963122815,136.87110900878906,136.87110900878906,6526800,0.0,0.0
2021-04-12 00:00:00+07:00,134.95683172893868,135.43540205421863,132.08540977725914,132.56398010253906,18151500,0.0,0.0
2021-04-16 00:00:00+07:00,130.1711235188197,130.6496938258742,127.29970167649282,128.73541259765625,33938200,0.0,0.0
2021-04-19 00:00:00+07:00,129.69255444603246,131.12826538085938,128.7354138228145,131.12826538085938,20513200,0.0,0.0
2021-04-20 00:00:00+07:00,131.61573028564453,138.44024963378908,129.17840194702148,136.49038696289062,37233200,2.5,0.0
2021-04-21 00:00:00+07:00,136.00292129516603,136.97785263061525,134.5405242919922,136.49038696289062,21384700,0.0,0.0
2021-04-22 00:00:00+07:00,137.9527886940615,137.9527886940615,133.07813184974836,133.5655975341797,26798000,0.0,0.0
2021-04-23 00:00:00+07:00,131.12826150836366,132.1031928206935,127.71600191520922,128.69093322753906,40418200,0.0,0.0
2021-04-26 00:00:00+07:00,127.7159950633466,129.6658575833977,126.74106380332105,128.20346069335938,23961600,0.0,0.0
2021-04-27 00:00:00+07:00,128.69092705413584,129.6658583196975,127.2285301557934,127.71599578857422,19776600,0.0,0.0
2021-04-28 00:00:00+07:00,128.20346069335938,129.17839195338493,126.74106380332105,128.20346069335938,22396600,0.0,0.0
2021-04-29 00:00:00+07:00,129.17841773050867,131.61574636693337,128.2034862759388,131.12828063964844,18439400,0.0,0.0
2021-04-30 00:00:00+07:00,131.12826150836366,131.12826150836366,128.20346757137415,128.69093322753906,19217700,0.0,0.0
2021-05-05 00:00:00+07:00,126.74107203407893,127.22853769574846,122.35388107905312,122.84134674072266,49519900,0.0,0.0
2021-05-06 00:00:00+07:00,122.35387958316353,124.7912078617126,121.37894827174391,123.81627655029297,28116600,0.0,0.0
2021-05-07 00:00:00+07:00,124.30374526977539,124.30374526977539,120.89148559570313,121.86641693115234,31950900,0.0,0.0
2021-05-10 00:00:00+07:00,123.32881316530752,123.81627882999254,121.8664161712525,122.3538818359375,17734700,0.0,0.0
2021-05-11 00:00:00+07:00,121.37895126342774,122.84134826660157,121.37895126342774,121.86641693115234,21780100,0.0,0.0
2021-05-12 00:00:00+07:00,116.01682967820427,117.96669236187157,115.52936400728744,116.5042953491211,50400500,0.0,0.0
2021-05-13 00:00:00+07:00,114.55443557427854,119.42909240722656,113.57950420768893,119.42909240722656,35416700,0.0,0.0
2021-05-14 00:00:00+07:00,120.89148403199252,121.37894969341184,117.47922440205724,117.96669006347656,23396700,0.0,0.0
2021-05-17 00:00:00+07:00,116.99175725217727,119.42908552826428,116.01682594174245,118.94161987304688,27396200,0.0,0.0
2021-05-18 00:00:00+07:00,120.89148712158202,121.37895279545937,118.94162442607264,120.89148712158203,15847200,0.0,0.0
2021-05-19 00:00:00+07:00,119.91655118348169,120.40401683869909,117.96668856261206,118.94161987304688,15066500,0.0,0.0
2021-05-20 00:00:00+07:00,118.94161987304688,120.40401683869909,117.96668856261206,118.94161987304688,19972500,0.0,0.0
2021-05-21 00:00:00+07:00,118.45415648780917,118.94162215236805,116.99175949413251,117.4792251586914,18864200,0.0,0.0
2021-05-24 00:00:00+07:00,117.47922824907906,117.96669392646113,115.52936553955078,115.52936553955078,19909300,0.0,0.0
2021-05-25 00:00:00+07:00,116.5042960566859,120.89148712158202,116.01683038280855,120.89148712158203,29952600,0.0,0.0
2021-05-27 00:00:00+07:00,121.86641457640094,122.35388023470654,118.45415496826172,118.45415496826172,172607800,0.0,0.0
2021-05-28 00:00:00+07:00,119.91655504553887,119.91655504553887,116.5042953491211,116.5042953491211,44942800,0.0,0.0
2021-05-31 00:00:00+07:00,116.01683044433592,116.99176179260766,115.0418990960642,116.01683044433594,17790100,0.0,0.0
2021-06-01 00:00:00+07:00,116.99176399075255,119.91655809052136,116.50429830745774,119.42909240722656,34284100,0.0,0.0
2021-06-02 00:00:00+07:00,116.99176102003791,118.45415803278838,116.01682967820427,116.5042953491211,47747700,0.0,0.0
2021-06-04 00:00:00+07:00,116.01683121693286,117.47922824907906,115.52936553955078,115.52936553955078,67315600,0.0,0.0
2021-06-07 00:00:00+07:00,116.5042930792186,118.45415572489588,116.5042930792186,117.96669006347656,30478500,0.0,0.0
2021-06-08 00:00:00+07:00,119.91656255147544,121.86642535719048,119.42909685004668,121.37895965576172,48686900,0.0,0.0
2021-06-09 00:00:00+07:00,122.35388559103012,125.76614534854889,121.86641991138458,124.79121398925781,70033900,0.0,0.0
2021-06-10 00:00:00+07:00,127.2285431805779,127.2285431805779,123.32881771910425,124.30374908447266,51261200,0.0,0.0
2021-06-11 00:00:00+07:00,125.27867052536602,125.7661361694336,123.8162735931633,125.7661361694336,22388700,0.0,0.0
2021-06-14 00:00:00+07:00,126.74107360839844,126.74107360839844,125.76614227294922,126.74107360839844,19016800,0.0,0.0
2021-06-15 00:00:00+07:00,126.25360794067383,126.74107360839844,120.89148559570313,121.86641693115234,42926600,0.0,0.0
2021-06-16 00:00:00+07:00,120.89149395433296,122.35389105861924,120.4040282529042,121.37895965576172,20873600,0.0,0.0
2021-06-17 00:00:00+07:00,120.89149395433296,122.35389105861924,120.89149395433296,121.37895965576172,19588100,0.0,0.0
2021-06-18 00:00:00+07:00,121.37895357077905,121.86641924777012,119.42909086281473,120.40402221679688,24032000,0.0,0.0
2021-06-21 00:00:00+07:00,118.45415572489588,118.94162138631522,117.47922440205724,117.96669006347656,19662500,0.0,0.0
2021-06-22 00:00:00+07:00,119.42908704773454,120.40401837057318,117.47922440205724,117.96669006347656,20940300,0.0,0.0
2021-06-23 00:00:00+07:00,118.45415725708008,118.94162292480469,116.99176025390625,116.99176025390625,12556300,0.0,0.0
2021-06-24 00:00:00+07:00,116.01682967820427,116.99176102003791,115.04189833637062,116.5042953491211,31362400,0.0,0.0
2021-06-25 00:00:00+07:00,117.47922592163087,117.47922592163087,116.01682891845704,116.99176025390625,18315000,0.0,0.0
2021-06-28 00:00:00+07:00,115.52936477020006,116.50429611847179,115.52936477020006,116.01683044433594,18598300,0.0,0.0
2021-06-29 00:00:00+07:00,116.01683121693286,117.96669392646113,115.0418998621687,115.52936553955078,38490100,0.0,0.0
2021-06-30 00:00:00+07:00,116.01682430202678,116.50428995035462,115.04189300537108,115.0418930053711,17941400,0.0,0.0
2021-07-01 00:00:00+07:00,115.52936028652505,119.91655118348169,115.04189463130764,118.94161987304688,37864400,0.0,0.0
2021-07-02 00:00:00+07:00,117.96669392646113,118.45415960384321,114.55443418478664,115.52936553955078,44752500,0.0,0.0
2021-07-05 00:00:00+07:00,115.04189526471968,115.52936092262104,113.09203263311427,113.57949829101562,29731300,0.0,0.0
2021-07-06 00:00:00+07:00,114.0669617087154,115.52935865369894,114.0669617087154,115.0418930053711,15758400,0.0,0.0
2021-07-07 00:00:00+07:00,114.06697082519531,115.04190219976964,113.09203945062099,114.06697082519531,16924800,0.0,0.0
2021-07-08 00:00:00+07:00,112.11710121599548,112.60456687345632,108.70484161376953,108.70484161376953,43764200,0.0,0.0
2021-07-09 00:00:00+07:00,108.21737972058749,112.11710511592398,107.72991404617044,111.14217376708984,25070200,0.0,0.0
2021-07-12 00:00:00+07:00,111.62963867187501,112.60457001398746,110.65470732976256,111.629638671875,15312400,0.0,0.0
2021-07-13 00:00:00+07:00,112.60456697521292,114.06696394891698,112.11710131731157,113.57949829101562,12880600,0.0,0.0
2021-07-14 00:00:00+07:00,112.60457001398746,113.09203568504368,110.65470732976256,111.629638671875,16390700,0.0,0.0
2021-07-15 00:00:00+07:00,112.11711120605469,113.57950830874236,111.14217980426291,112.11711120605469,17646500,0.0,0.0
2021-07-16 00:00:00+07:00,112.11710434293123,113.5795013560999,111.62963867187501,111.629638671875,15477100,0.0,0.0
2021-07-19 00:00:00+07:00,110.65470272488065,110.65470272488065,109.67977142333986,109.67977142333984,12716200,0.0,0.0
2021-07-20 00:00:00+07:00,109.19231113818806,109.67977681291211,105.78005141511969,106.26751708984375,40612700,0.0,0.0
2021-07-21 00:00:00+07:00,107.72991256713868,107.72991256713868,101.39285888671876,102.36779022216797,71657900,0.0,0.0
2021-07-22 00:00:00+07:00,103.34271853438047,105.78004680170076,102.85525288091641,104.3176498413086,42651700,0.0,0.0
2021-07-23 00:00:00+07:00,104.31765985714881,104.31765985714881,101.88033135581357,102.85526275634766,18627300,0.0,0.0
2021-07-27 00:00:00+07:00,102.85525822293931,103.34272390172102,99.9304641502491,100.9053955078125,26836700,0.0,0.0
2021-07-29 00:00:00+07:00,100.4179298290308,101.3928611865942,99.9304641502491,100.9053955078125,20481500,0.0,0.0
2021-07-30 00:00:00+07:00,99.93045732812975,100.41792297363283,98.9555260371236,100.41792297363281,25449900,0.0,0.0
2021-08-02 00:00:00+07:00,99.93045881682751,99.93045881682751,98.46806185853247,99.4429931640625,12247200,0.0,0.0
2021-08-03 00:00:00+07:00,99.44300285447831,102.85526275634767,98.95553715421126,102.85526275634766,24357500,0.0,0.0
2021-08-04 00:00:00+07:00,101.88033135581357,102.85526275634767,100.90539995527946,102.85526275634766,14346200,0.0,0.0
2021-08-05 00:00:00+07:00,102.36779098875785,102.85525666013288,101.39285964600776,101.88032531738281,10467700,0.0,0.0
2021-08-06 00:00:00+07:00,101.39285964600776,102.36779098875785,100.90539397463273,101.88032531738281,10852100,0.0,0.0
2021-08-09 00:00:00+07:00,102.36778505386846,106.26751019877773,101.8803194107548,105.78004455566406,20844700,0.0,0.0
2021-08-10 00:00:00+07:00,105.2925811482367,105.78004680170076,103.83018418784452,104.3176498413086,18934300,0.0,0.0
2021-08-11 00:00:00+07:00,104.31765289306641,104.80511856079102,101.88032455444336,102.36779022216797,22060500,0.0,0.0
2021-08-13 00:00:00+07:00,100.4179298290308,101.3928611865942,99.44299847146739,100.9053955078125,21311500,0.0,0.0
2021-08-16 00:00:00+07:00,100.41792755126954,102.85525588989259,100.41792755126954,102.36779022216797,12115600,0.0,0.0
2021-08-17 00:00:00+07:00,102.85525214616642,105.29258039607558,102.36778649618459,104.80511474609375,22590000,0.0,0.0
2021-08-18 00:00:00+07:00,103.83018493652345,104.31765059350244,102.85525362256548,103.83018493652344,14668800,0.0,0.0
2021-08-19 00:00:00+07:00,103.3427276611328,104.31765905416236,102.85526196461802,103.34272766113281,20605800,0.0,0.0
2021-08-20 00:00:00+07:00,103.34271634009578,105.78004455566408,103.34271634009578,105.78004455566406,20241200,0.0,0.0
2021-08-23 00:00:00+07:00,112.60456476373187,115.52935865369894,110.65470217042049,115.0418930053711,72051700,0.0,0.0
2021-08-24 00:00:00+07:00,115.52935865369894,116.01682430202678,113.57949606038756,115.0418930053711,43903600,0.0,0.0
2021-08-25 00:00:00+07:00,115.04189609496062,118.45415572489588,114.5544304335413,117.96669006347656,50710100,0.0,0.0
2021-08-26 00:00:00+07:00,117.96669236187157,117.96669236187157,115.04189833637062,116.5042953491211,32451900,0.0,0.0
2021-08-27 00:00:00+07:00,116.50429013880289,119.91654968261719,116.50429013880289,119.91654968261719,42106500,0.0,0.0
2021-08-30 00:00:00+07:00,121.37895357077905,122.84135060175228,118.45415950883256,120.40402221679688,54987700,0.0,0.0
2021-08-31 00:00:00+07:00,119.91654968261719,120.89148098084985,118.45415273526821,119.91654968261719,30990300,0.0,0.0
2021-09-01 00:00:00+07:00,119.42908628487292,119.91655194317852,117.96668930995611,118.45415496826172,23832100,0.0,0.0
2021-09-02 00:00:00+07:00,118.45415950883256,120.40402221679689,117.4792281548504,120.40402221679688,20259300,0.0,0.0
2021-09-03 00:00:00+07:00,120.40402377381616,120.89148945711096,118.45416104063696,119.42909240722656,15556800,0.0,0.0
2021-09-06 00:00:00+07:00,119.91655118348169,120.40401683869909,117.96668856261206,118.94161987304688,8435400,0.0,0.0
2021-09-07 00:00:00+07:00,118.94162528122527,118.94162528122527,115.0418998621687,115.52936553955078,25787600,0.0,0.0
2021-09-08 00:00:00+07:00,115.5293617408146,116.99795532226562,114.55029935318056,116.99795532226562,18361500,0.5,0.0
2021-09-09 00:00:00+07:00,116.50843035588498,119.93514889576394,116.01889913590227,119.44561767578125,31167900,0.0,0.0
2021-09-10 00:00:00+07:00,118.95608394402119,119.44561515366736,117.97702152472883,118.466552734375,12912600,0.0,0.0
2021-09-13 00:00:00+07:00,118.95608645579853,121.40374255571209,117.97702401583311,119.44561767578125,19375200,0.0,0.0
2021-09-14 00:00:00+07:00,120.91420490498447,120.91420490498447,119.93514251708986,119.93514251708984,14893600,0.0,0.0
2021-09-15 00:00:00+07:00,119.93514889576394,120.42468011574665,119.44561767578124,119.44561767578125,11429500,0.0,0.0
2021-09-16 00:00:00+07:00,119.9351437886556,120.42467498779297,119.44561258951823,120.42467498779297,11329700,0.0,0.0
2021-09-17 00:00:00+07:00,120.42468011574665,121.8932737756948,118.95608645579853,119.44561767578125,29743900,0.0,0.0
2021-09-20 00:00:00+07:00,118.46655408641959,119.44561651688588,116.0188980102539,116.0188980102539,27464900,0.0,0.0
2021-09-21 00:00:00+07:00,116.99795910543648,118.95608394402119,116.50842789579029,118.466552734375,17773200,0.0,0.0
2021-09-22 00:00:00+07:00,120.42468011574665,120.42468011574665,118.95608645579853,119.44561767578125,20371000,0.0,0.0
2021-09-23 00:00:00+07:00,128.25718688964844,129.7257806326597,123.36187441294432,128.25718688964844,149568200,0.0,0.0
2021-09-27 00:00:00+07:00,132.66296262387877,137.06874367042826,131.19436894169561,132.17343139648438,128168200,0.0,0.0
2021-09-28 00:00:00+07:00,131.68389513976592,132.17342634846395,128.74670788757783,130.21530151367188,46376200,0.0,0.0
2021-09-29 00:00:00+07:00,128.746704157049,134.62107849121094,128.25717296253552,134.62107849121094,65513500,0.0,0.0
2021-09-30 00:00:00+07:00,134.13155247834737,134.13155247834737,129.72577155752575,130.704833984375,39347300,0.0,0.0
2021-10-01 00:00:00+07:00,130.70483648023642,131.68389892578125,129.72577403469157,131.68389892578125,24913900,0.0,0.0
2021-10-04 00:00:00+07:00,131.68390505157248,134.62109252484174,130.70484256048272,134.13156127929688,31786800,0.0,0.0
2021-10-05 00:00:00+07:00,133.15248490767047,135.60014088023794,132.17342251864346,134.62107849121094,33265100,0.0,0.0
2021-10-06 00:00:00+07:00,135.11062128403609,135.11062128403609,133.15249633789062,133.15249633789062,20866900,0.0,0.0
2021-10-07 00:00:00+07:00,133.15248005465992,139.02685417471844,133.15248005465992,138.53732299804688,58858400,0.0,0.0
2021-10-08 00:00:00+07:00,139.02686571393696,140.00592814854215,136.57920962742398,137.06874084472656,32605900,0.0,0.0
2021-10-11 00:00:00+07:00,138.0477994512565,138.53733065498434,134.6210810251615,135.6001434326172,32455300,0.0,0.0
2021-10-12 00:00:00+07:00,137.5582733154297,138.53733575895586,137.0687420936666,137.5582733154297,21075700,0.0,0.0
2021-10-14 00:00:00+07:00,138.53733575895586,138.53733575895586,136.0896796501404,137.5582733154297,20049000,0.0,0.0
2021-10-15 00:00:00+07:00,138.5373255679482,140.0059191252056,138.04779438219572,139.51638793945312,34578800,0.0,0.0
2021-10-18 00:00:00+07:00,140.49545666924837,141.96405029296875,140.00592546134158,141.96405029296875,33799400,0.0,0.0
2021-10-19 00:00:00+07:00,142.45358682186045,142.45358682186045,137.0687433337489,138.0478057861328,44077600,0.0,0.0
2021-10-20 00:00:00+07:00,138.5373255679482,140.0059191252056,137.06873201069078,139.51638793945312,25306900,0.0,0.0
2021-10-21 00:00:00+07:00,140.49544770473307,140.49544770473307,138.53732299804688,138.53732299804688,21738000,0.0,0.0
2021-10-25 00:00:00+07:00,138.0478057861328,138.53733701232477,137.0687433337489,138.0478057861328,28468200,0.0,0.0
2021-10-26 00:00:00+07:00,138.0478020124538,138.53733322526392,135.6001459484032,136.57920837402344,27098500,0.0,0.0
2021-10-27 00:00:00+07:00,136.57920711160563,137.06873831989097,135.11061348674966,136.0896759033203,17043400,0.0,0.0
2021-10-28 00:00:00+07:00,136.0896887295488,136.0896887295488,134.13156371185747,135.11062622070312,13726800,0.0,0.0
2021-10-29 00:00:00+07:00,135.11061842898104,138.0478057861328,134.62108720278908,138.0478057861328,18619700,0.0,0.0
2021-11-01 00:00:00+07:00,137.55827455994086,138.0478057861328,136.57921210755694,138.0478057861328,14800100,0.0,0.0
2021-11-02 00:00:00+07:00,138.04780825762683,139.5164019624952,136.57921455275846,139.02687072753906,22759100,0.0,0.0
2021-11-03 00:00:00+07:00,139.02687072753906,140.00593319745133,138.53733949258293,139.02687072753906,23579400,0.0,0.0
2021-11-04 00:00:00+07:00,139.51638561184123,145.39075974286612,138.53732325667042,144.4116973876953,81136400,0.0,0.0
2021-11-05 00:00:00+07:00,143.92218017578125,144.41171140086894,141.9640552754305,143.92218017578125,29704700,0.0,0.0
2021-11-08 00:00:00+07:00,144.90124757497904,146.8593725422085,144.41171633317168,145.88031005859375,37142200,0.0,0.0
2021-11-09 00:00:00+07:00,145.8802935153948,146.3698247016881,143.92216877022173,145.39076232910156,21757200,0.0,0.0
2021-11-10 00:00:00+07:00,144.9012451171875,145.3907763506915,144.41171388368346,144.9012451171875,10844500,0.0,0.0
2021-11-11 00:00:00+07:00,145.88031005859375,145.88031005859375,144.41171633317168,145.88031005859375,13556000,0.0,0.0
2021-11-12 00:00:00+07:00,146.36983881769953,146.36983881769953,144.9012451171875,144.9012451171875,21149200,0.0,0.0
2021-11-15 00:00:00+07:00,145.3907763506915,145.88030758419552,144.9012451171875,144.9012451171875,6023000,0.0,0.0
2021-11-16 00:00:00+07:00,145.39075974286612,145.88029092045153,143.9221662101099,144.4116973876953,22830100,0.0,0.0
2021-11-17 00:00:00+07:00,144.9012336858539,147.83842085516176,144.41170249096925,146.3698272705078,21733400,0.0,0.0
2021-11-18 00:00:00+07:00,146.3698413004011,146.8593725422085,145.88031005859375,145.88031005859375,9498500,0.0,0.0
2021-11-19 00:00:00+07:00,146.3698350300968,147.34889747176967,142.9431164842417,143.43264770507812,32479900,0.0,0.0
2021-11-22 00:00:00+07:00,143.92218017578125,144.90124262595663,143.43264895069356,143.92218017578125,11346200,0.0,0.0
2021-11-23 00:00:00+07:00,144.41170243851397,144.9012336332208,140.49545288085938,140.49545288085938,25256200,0.0,0.0
2021-11-24 00:00:00+07:00,140.98500061035156,142.94312561882867,140.98500061035156,140.98500061035156,15339800,0.0,0.0
2021-11-25 00:00:00+07:00,143.43264895069356,144.41171140086894,142.45358650051818,143.92218017578125,21150100,0.0,0.0
2021-11-26 00:00:00+07:00,142.45357505396794,143.43263742547288,138.5373255679482,139.51638793945312,44001300,0.0,0.0
2021-11-29 00:00:00+07:00,137.06873184595355,137.55826303111766,133.15248236464058,133.6420135498047,62555900,0.0,0.0
2021-11-30 00:00:00+07:00,134.62109565734863,135.11062691428447,126.78859554637563,129.2362518310547,120359500,0.0,0.0
2021-12-01 00:00:00+07:00,131.19436894169561,133.15249385127316,129.72577525951246,132.17343139648438,47261500,0.0,0.0
2021-12-02 00:00:00+07:00,130.21530401884618,131.19436645507812,129.23624158261427,131.19436645507812,29663000,0.0,0.0
2021-12-03 00:00:00+07:00,130.70483523696217,131.68389767319408,130.21530401884618,131.19436645507812,12797200,0.0,0.0
2021-12-07 00:00:00+07:00,132.66295371315698,134.62107849121094,131.19436012961648,134.62107849121094,32452600,0.0,0.0
2021-12-08 00:00:00+07:00,135.11060968572446,135.60014088023794,133.64201610218396,134.62107849121094,20477300,0.0,0.0
2021-12-09 00:00:00+07:00,135.11061348674966,136.0896759033203,134.62108227846434,136.0896759033203,21850500,0.0,0.0
2021-12-13 00:00:00+07:00,136.0896759033203,136.57920711160563,135.11061348674966,136.0896759033203,15257000,0.0,0.0
2021-12-14 00:00:00+07:00,134.62108227846434,136.0896759033203,133.15248865360837,136.0896759033203,24439400,0.0,0.0
2021-12-15 00:00:00+07:00,136.08967463634505,136.08967463634505,134.6210810251615,135.6001434326172,9606800,0.0,0.0
2021-12-16 00:00:00+07:00,137.06874820735905,140.0059356689453,136.57921696376135,140.0059356689453,35090000,0.0,0.0
2021-12-17 00:00:00+07:00,139.02686823851673,139.02686823851673,137.0687433337489,138.0478057861328,25509700,0.0,0.0
2021-12-20 00:00:00+07:00,135.6001382904612,136.0896694756253,133.6420135498047,133.6420135498047,25759100,0.0,0.0
2021-12-21 00:00:00+07:00,134.62109252484174,135.6001550159315,133.1524987882071,134.13156127929688,13216000,0.0,0.0
2021-12-22 00:00:00+07:00,134.62109252484174,136.0896862614764,134.13156127929688,134.13156127929688,10364200,0.0,0.0
2021-12-23 00:00:00+07:00,135.11061222888932,136.57920584007292,134.6210810251615,135.6001434326172,10638100,0.0,0.0
2021-12-24 00:00:00+07:00,135.60015747512597,135.60015747512597,134.62109496628028,135.11062622070312,3485100,0.0,0.0
2021-12-27 00:00:00+07:00,135.60015747512597,136.0896887295488,134.62109496628028,135.11062622070312,5978800,0.0,0.0
2021-12-28 00:00:00+07:00,135.60014965517303,138.53733701232477,135.60014965517303,138.0478057861328,17644900,0.0,0.0
2021-12-29 00:00:00+07:00,138.04780825762683,139.5164019624952,137.5582770226707,139.02687072753906,20210900,0.0,0.0
2021-12-30 00:00:00+07:00,139.5164019624952,139.5164019624952,137.5582770226707,139.02687072753906,14043800,0.0,0.0
2022-01-04 00:00:00+07:00,140.0059267024404,142.94311397591818,140.0059267024404,142.45358276367188,29820800,0.0,0.0
2022-01-05 00:00:00+07:00,142.94311523437503,143.92217766748718,141.4745215847068,142.943115234375,34852000,0.0,0.0
2022-01-06 00:00:00+07:00,142.9431062397204,142.9431062397204,138.5373255679482,139.51638793945312,35290400,0.0,0.0
2022-01-07 00:00:00+07:00,139.02685675370066,140.0059191252056,138.5373255679482,139.51638793945312,23769900,0.0,0.0
2022-01-10 00:00:00+07:00,140.0059356689453,140.98499815614073,139.0268731817499,140.0059356689453,24845300,0.0,0.0
2022-01-11 00:00:00+07:00,139.51639049144572,140.49545288085938,139.02685929673888,140.49545288085938,12020300,0.0,0.0
2022-01-12 00:00:00+07:00,141.47453186247083,141.47453186247083,140.005938106113,140.98500061035156,14343200,0.0,0.0
2022-01-13 00:00:00+07:00,140.98498787715516,142.45358150087554,140.49545666924837,141.96405029296875,19841600,0.0,0.0
2022-01-14 00:00:00+07:00,141.47451908506196,142.45358150087554,140.49545666924837,141.96405029296875,12568200,0.0,0.0
2022-01-17 00:00:00+07:00,140.98498661872836,141.96404902580286,140.49545541519112,141.47451782226562,16039800,0.0,0.0
2022-01-18 00:00:00+07:00,141.96406311459012,144.4117193751865,140.49546935823227,140.98500061035156,48928500,0.0,0.0
2022-01-19 00:00:00+07:00,140.49546191709263,140.98499314328458,137.55827455994086,138.0478057861328,35561800,0.0,0.0
2022-01-20 00:00:00+07:00,138.0478057861328,139.02686823851673,137.55827455994086,138.0478057861328,18825700,0.0,0.0
2022-01-21 00:00:00+07:00,137.0687408447266,137.55827206202918,136.0896784101214,137.06874084472656,25530400,0.0,0.0
2022-01-24 00:00:00+07:00,136.57920962742398,138.04780327933176,136.57920962742398,137.06874084472656,10308900,0.0,0.0
2022-01-25 00:00:00+07:00,137.5582657126184,140.9849840755662,137.06873451791157,140.49545288085938,36418200,0.0,0.0
2022-01-26 00:00:00+07:00,141.47451032218285,145.39075974286612,140.98497914459745,144.4116973876953,37695200,0.0,0.0
2022-01-27 00:00:00+07:00,142.4535726773537,144.90122856528072,141.96404149976829,144.4116973876953,38022300,0.0,0.0
2022-01-28 00:00:00+07:00,145.3907763506915,145.88030758419552,143.92218265017945,144.9012451171875,25643400,0.0,0.0
2022-01-31 00:00:00+07:00,144.9012336858539,147.3488896602771,144.9012336858539,146.3698272705078,23467200,0.0,0.0
2022-02-01 00:00:00+07:00,147.34889221191406,147.8384234152759,146.3698298051904,147.34889221191406,19178700,0.0,0.0
2022-02-02 00:00:00+07:00,147.8384234152759,147.8384234152759,146.3698298051904,147.34889221191406,13797000,0.0,0.0
2022-02-03 00:00:00+07:00,146.8593610085522,148.32795461863776,146.8593610085522,147.34889221191406,11478300,0.0,0.0
2022-02-04 00:00:00+07:00,147.83842719228642,149.79655205576043,147.34889597641794,148.81748962402344,31421500,0.0,0.0
2022-02-07 00:00:00+07:00,149.30702083989192,149.30702083989192,146.85936476054943,148.81748962402344,20035700,0.0,0.0
2022-02-08 00:00:00+07:00,148.81748078478964,151.75466790554208,148.81748078478964,151.26513671875,34695000,0.0,0.0
2022-02-09 00:00:00+07:00,152.2442041485126,159.09764099121094,151.75467294546272,159.09764099121094,64885400,0.0,0.0
2022-02-10 00:00:00+07:00,160.56622955963778,164.48247906109236,158.60810480891047,163.01388549804688,90016600,0.0,0.0
2022-02-11 00:00:00+07:00,161.05576451619467,164.9720141092936,160.56623331705728,164.48248291015625,54325400,0.0,0.0
2022-02-14 00:00:00+07:00,163.5034205118815,164.9720141092936,162.52435811360678,164.48248291015625,32033100,0.0,0.0
2022-02-15 00:00:00+07:00,164.97202039254375,166.93014526367188,163.5034267391977,166.93014526367188,23893700,0.0,0.0
2022-02-17 00:00:00+07:00,168.39873891701797,171.33592622371015,165.46155161032578,166.93014526367188,52119500,0.0,0.0
2022-02-18 00:00:00+07:00,165.95107905822394,168.39873509153108,164.48248543823965,165.4615478515625,35239500,0.0,0.0
2022-02-21 00:00:00+07:00,164.48249067826703,165.95108434503726,161.0557721224698,161.54530334472656,42864700,0.0,0.0
2022-02-22 00:00:00+07:00,159.09764600017513,161.54530209248554,158.11858356325098,161.05577087402344,31605000,0.0,0.0
2022-02-23 00:00:00+07:00,162.52435936630656,165.9510777866805,162.52435936630656,164.97201538085938,33402400,0.0,0.0
2022-02-24 00:00:00+07:00,163.50342311742114,163.99295432435954,158.60811104803727,159.58717346191406,50186300,0.0,0.0
2022-02-25 00:00:00+07:00,161.54529956502654,162.52436198663275,159.09764351101097,160.0767059326172,33025800,0.0,0.0
2022-02-28 00:00:00+07:00,159.09764351101097,161.54529956502654,158.11858108940476,160.0767059326172,24989300,0.0,0.0
2022-03-01 00:00:00+07:00,161.5452982896676,162.034829496606,159.09764225497568,159.58717346191406,24475600,0.0,0.0
2022-03-02 00:00:00+07:00,158.60810467015918,159.09763585741277,156.64997992114488,157.13951110839844,28754100,0.0,0.0
2022-03-03 00:00:00+07:00,160.07670211791992,162.52435811360678,158.11857732137045,158.6081085205078,27839200,0.0,0.0
2022-03-04 00:00:00+07:00,157.13952759926366,159.0976525537716,157.13952759926366,157.62905883789062,14552900,0.0,0.0
2022-03-07 00:00:00+07:00,153.22327566766117,153.71280689982623,149.7965570425058,150.77561950683594,35287300,0.0,0.0
2022-03-08 00:00:00+07:00,150.28607813517252,153.22326532999674,145.39076614379883,152.73373413085938,45795000,0.0,0.0
2022-03-09 00:00:00+07:00,154.2023214501647,156.64997734619905,151.75466555413033,156.1604461669922,45095300,0.0,0.0
2022-03-10 00:00:00+07:00,158.11857993739426,158.11857993739426,152.7337366577926,153.71279907226562,37124600,0.0,0.0
2022-03-11 00:00:00+07:00,152.24420545055608,153.71279907226562,151.26514303608306,153.71279907226562,20021300,0.0,0.0
2022-03-14 00:00:00+07:00,153.22326532999674,158.6081085205078,152.73373413085938,158.6081085205078,29282200,0.0,0.0
2022-03-15 00:00:00+07:00,157.62905258034309,157.62905258034309,154.6918652651814,155.181396484375,25037900,0.0,0.0
2022-03-16 00:00:00+07:00,156.16045377291164,159.09764099121094,155.67092256986177,159.09764099121094,29978900,0.0,0.0
2022-03-17 00:00:00+07:00,160.56623587579082,161.5452982896676,158.60811104803727,159.58717346191406,22740000,0.0,0.0
2022-03-18 00:00:00+07:00,159.09763844020594,159.58716963540658,157.1395136594034,158.1185760498047,32104400,0.0,0.0
2022-03-21 00:00:00+07:00,157.62905258034309,158.11858379953668,154.20233404598778,155.181396484375,24005400,0.0,0.0
2022-03-22 00:00:00+07:00,152.2442079375062,154.69186401367188,151.75467672227305,154.69186401367188,28070300,0.0,0.0
2022-03-23 00:00:00+07:00,156.16045765937127,157.13952008983756,154.69186401367188,154.69186401367188,17347500,0.0,0.0
2022-03-24 00:00:00+07:00,154.69186650881977,156.64999140133648,154.69186650881977,155.67092895507812,14578100,0.0,0.0
2022-03-25 00:00:00+07:00,156.16045892276225,156.16045892276225,154.6918652651814,155.181396484375,6731900,0.0,0.0
2022-03-28 00:00:00+07:00,155.18139522890502,155.67092644413816,153.7128015832056,154.69186401367188,11646900,0.0,0.0
2022-03-29 00:00:00+07:00,155.18139648437503,155.67092770356862,154.20233404598778,155.181396484375,10271800,0.0,0.0
2022-03-30 00:00:00+07:00,155.67093143463134,158.60811882019044,155.67093143463134,156.64999389648438,27035600,0.0,0.0
2022-03-31 00:00:00+07:00,156.64998246420276,159.09763844020594,156.64998246420276,158.1185760498047,22721700,0.0,0.0
2022-04-01 00:00:00+07:00,157.6290486341605,159.58717346191406,156.64998622028372,159.58717346191406,16631100,0.0,0.0
2022-04-04 00:00:00+07:00,161.05577750827956,161.05577750827956,157.13952759926366,157.62905883789062,23428100,0.0,0.0
2022-04-05 00:00:00+07:00,158.1185760498047,159.09763844020594,157.1395136594034,158.1185760498047,10320500,0.0,0.0
2022-04-07 00:00:00+07:00,156.64997734619905,157.13950852540594,154.2023214501647,156.1604461669922,20437100,0.0,0.0
2022-04-08 00:00:00+07:00,156.16045892276225,156.64999014195584,154.20233404598778,155.181396484375,16760700,0.0,0.0
2022-04-11 00:00:00+07:00,154.69186021116212,155.181391414362,152.7337353983626,153.2232666015625,17371200,0.0,0.0
2022-04-12 00:00:00+07:00,152.73373285520498,153.2232640502537,151.7546704651075,152.24420166015625,13641000,0.0,0.0
2022-04-18 00:00:00+07:00,152.4933775851601,153.9884106987401,151.4966888427734,151.49668884277344,15231400,2.75,0.0
2022-04-19 00:00:00+07:00,152.49336998110914,152.99171432745263,151.49668128842214,151.99502563476562,14201200,0.0,0.0
2022-04-20 00:00:00+07:00,152.99171505882626,157.4768141973586,152.49337071010044,156.9784698486328,24706100,0.0,0.0
2022-04-21 00:00:00+07:00,157.97515809883194,158.47350244614685,153.4900589729976,153.9884033203125,29054600,0.0,0.0
2022-04-22 00:00:00+07:00,153.98840317120383,154.4867475180362,151.49668143704196,152.99171447753906,17700500,0.0,0.0
2022-04-25 00:00:00+07:00,151.49668874172187,151.49668874172187,149.50331125827816,150.5,20727800,0.0,0.0
2022-04-26 00:00:00+07:00,151.49668128842214,153.4900586737961,151.49668128842214,151.99502563476562,13895500,0.0,0.0
2022-04-27 00:00:00+07:00,151.99502548368852,152.99171417538483,150.49999244614403,150.9983367919922,16013300,0.0,0.0
2022-04-28 00:00:00+07:00,152.9917144775391,153.98840317120383,151.99502578387433,152.99171447753906,15987200,0.0,0.0
2022-04-29 00:00:00+07:00,153.49006642858967,153.98841080011107,151.49668894250408,152.49337768554688,14499000,0.0,0.0
2022-05-03 00:00:00+07:00,150.99834437086093,151.49668874172187,149.50331125827816,150.5,8178200,0.0,0.0
2022-05-05 00:00:00+07:00,151.99502485889502,151.99502485889502,147.01158142089844,147.01158142089844,28138800,0.0,0.0
2022-05-06 00:00:00+07:00,144.51986715096194,147.5099333678784,144.02152278147588,146.51324462890625,14129200,0.0,0.0
2022-05-09 00:00:00+07:00,145.51654823485495,146.51323692139505,145.0182038915849,146.014892578125,7678100,0.0,0.0
2022-05-10 00:00:00+07:00,145.5165558899341,146.51324462890625,144.02152278147588,146.51324462890625,16769600,0.0,0.0
2022-05-11 00:00:00+07:00,146.0148924208179,146.0148924208179,143.52317070715205,145.01820373535156,13086900,0.0,0.0
2022-05-12 00:00:00+07:00,143.52317023026316,144.02151457134048,141.03144852487665,142.02813720703125,18012700,0.0,0.0
2022-05-13 00:00:00+07:00,143.52317788567342,144.021522253332,140.53311167972188,141.52980041503906,11506000,0.0,0.0
2022-05-17 00:00:00+07:00,142.52648186601155,145.0182035769558,142.02813752382272,144.02151489257812,15726500,0.0,0.0
2022-05-18 00:00:00+07:00,144.51986683739554,145.51655557420517,142.0281449953715,143.52317810058594,20337000,0.0,0.0
2022-05-19 00:00:00+07:00,141.52980041503906,143.02483351801482,141.52980041503906,141.52980041503906,10974800,0.0,0.0
2022-05-20 00:00:00+07:00,143.0248262082004,144.51985923476695,142.52648186601155,144.02151489257812,12285100,0.0,0.0
2022-05-23 00:00:00+07:00,144.0215150498852,146.51323676355105,142.52648202168572,145.01820373535156,15849400,0.0,0.0
2022-05-24 00:00:00+07:00,145.51655568089978,146.01490004967,144.02152257458917,144.51986694335938,8908600,0.0,0.0
2022-05-25 00:00:00+07:00,145.01821109798405,145.51655546601836,142.5264892578125,142.5264892578125,11613000,0.0,0.0
2022-05-26 00:00:00+07:00,143.0248262082004,145.0182035769558,143.0248262082004,144.02151489257812,5621000,0.0,0.0
2022-05-27 00:00:00+07:00,145.51654823485495,147.50992560793514,145.0182038915849,146.014892578125,12935800,0.0,0.0
2022-05-30 00:00:00+07:00,147.5099334716797,148.00827784151645,147.01158910184293,147.5099334716797,10122900,0.0,0.0
2022-05-31 00:00:00+07:00,147.5099333678784,147.5099333678784,145.5165558899341,146.51324462890625,8563000,0.0,0.0
2022-06-01 00:00:00+07:00,146.0149002594202,147.5099333678784,146.0149002594202,146.51324462890625,4667100,0.0,0.0
2022-06-02 00:00:00+07:00,146.014892578125,147.0115812646651,145.51654823485495,146.014892578125,4104100,0.0,0.0
2022-06-06 00:00:00+07:00,146.0148924208179,146.51323676355105,144.0215150498852,145.01820373535156,9330500,0.0,0.0
2022-06-07 00:00:00+07:00,144.51986683739554,145.01821120580036,143.5231781005859,143.52317810058594,7287700,0.0,0.0
2022-06-08 00:00:00+07:00,144.02151489257812,144.51985923476695,143.52317055038927,144.02151489257812,9014200,0.0,0.0
2022-06-09 00:00:00+07:00,145.01820434774442,150.4999921409581,144.0215156580692,149.0049591064453,39637100,0.0,0.0
2022-06-10 00:00:00+07:00,148.5066147616077,150.00164779612052,147.50992607193248,149.0049591064453,14753900,0.0,0.0
2022-06-13 00:00:00+07:00,147.01158899839234,148.00827773736447,146.51324462890625,146.51324462890625,12710500,0.0,0.0
2022-06-14 00:00:00+07:00,147.5099257646981,148.00827010849775,145.5165483894995,147.01158142089844,11541900,0.0,0.0
2022-06-15 00:00:00+07:00,147.50993367513018,150.49999989827472,147.0115893046061,149.50331115722656,13754300,0.0,0.0
2022-06-16 00:00:00+07:00,151.99503280021048,152.49337717004724,147.01158910184293,147.5099334716797,31681600,0.0,0.0
2022-06-17 00:00:00+07:00,147.50993367513018,150.9983442687988,146.51324493408202,149.50331115722656,26742400,0.0,0.0
2022-06-20 00:00:00+07:00,149.00495895231614,149.50330329663825,146.01489288638336,148.00827026367188,12629300,0.0,0.0
2022-06-21 00:00:00+07:00,149.00495910644528,149.5033034512829,148.00827041677007,149.0049591064453,4245700,0.0,0.0
2022-06-22 00:00:00+07:00,148.50662221135318,149.00496658118993,147.01158910184293,147.5099334716797,6898600,0.0,0.0
2022-06-23 00:00:00+07:00,148.5066144522974,149.00495879609707,146.5132370770988,147.01158142089844,9891900,0.0,0.0
2022-06-24 00:00:00+07:00,148.50662221135318,148.50662221135318,146.51324473200617,147.5099334716797,8773200,0.0,0.0
2022-06-27 00:00:00+07:00,149.00496678670245,150.49999989827472,148.50662241617837,149.50331115722656,14129800,0.0,0.0
2022-06-28 00:00:00+07:00,150.00164794921875,150.499992294565,149.00495925852627,150.00164794921875,8036700,0.0,0.0
2022-06-29 00:00:00+07:00,149.50331115722656,150.00165552775064,149.00496678670245,149.50331115722656,6584200,0.0,0.0
2022-06-30 00:00:00+07:00,150.00164794921875,151.49668098525748,150.00164794921875,150.00164794921875,18369300,0.0,0.0
2022-07-01 00:00:00+07:00,150.99833679199222,151.99502548368852,150.49999244614403,150.9983367919922,13094000,0.0,0.0
2022-07-04 00:00:00+07:00,150.4999921409581,150.99833648579573,148.5066147616077,149.0049591064453,6822200,0.0,0.0
2022-07-05 00:00:00+07:00,149.50330313989673,149.50330313989673,146.5132370770988,147.01158142089844,9077100,0.0,0.0
2022-07-06 00:00:00+07:00,147.5099257646981,148.5066144522974,146.01489273329915,147.01158142089844,14026100,0.0,0.0
2022-07-07 00:00:00+07:00,147.50993326265515,147.50993326265515,144.02152267874104,145.5165557861328,18372400,0.0,0.0
2022-07-08 00:00:00+07:00,146.51323644126333,147.01158078290027,143.02482604980466,143.0248260498047,20688700,0.0,0.0
2022-07-11 00:00:00+07:00,143.02483394047985,147.01158889352456,143.02483394047985,145.5165557861328,12562900,0.0,0.0
2022-07-12 00:00:00+07:00,145.51654823485495,147.0115812646651,145.0182038915849,146.014892578125,8696500,0.0,0.0
2022-07-14 00:00:00+07:00,146.01489226133353,146.01489226133353,143.52317055038927,144.02151489257812,15797500,0.0,0.0
2022-07-15 00:00:00+07:00,144.02152203151158,144.02152203151158,137.04470089503695,139.5364227294922,35224500,0.0,0.0
2022-07-18 00:00:00+07:00,140.53311157226562,141.5298003068207,140.0347672049881,140.53311157226562,9860500,0.0,0.0
2022-07-19 00:00:00+07:00,139.53642261971675,139.53642261971675,137.04470078722179,138.53973388671875,19719700,0.0,0.0
2022-07-20 00:00:00+07:00,140.0347593574114,141.0314480361118,138.04138200001051,139.03807067871094,12552300,0.0,0.0
2022-07-21 00:00:00+07:00,140.03475952148438,140.53310386141848,137.0446934818797,140.03475952148438,24686600,0.0,0.0
2022-07-22 00:00:00+07:00,141.0314558301653,142.0281445639474,139.03807836260114,139.5364227294922,19224900,0.0,0.0
2022-07-25 00:00:00+07:00,139.53642304960664,142.5264892578125,139.53642304960664,142.5264892578125,17687000,0.0,0.0
2022-07-26 00:00:00+07:00,144.51986694335938,147.0115887872104,143.52317820581897,144.51986694335938,31370300,0.0,0.0
2022-07-27 00:00:00+07:00,144.51986704787163,146.01490015526338,143.52317830961044,145.5165557861328,13729800,0.0,0.0
2022-08-01 00:00:00+07:00,146.5132444184402,146.5132444184402,143.52317820581897,144.51986694335938,20233500,0.0,0.0
2022-08-02 00:00:00+07:00,143.52317820581897,145.51655568089978,143.52317820581897,144.51986694335938,8895100,0.0,0.0
2022-08-03 00:00:00+07:00,144.51986694335938,145.01821131212958,143.02483383704876,144.51986694335938,10206400,0.0,0.0
2022-08-04 00:00:00+07:00,145.01821131212958,145.51655568089978,144.02152257458917,144.51986694335938,8230100,0.0,0.0
2022-08-05 00:00:00+07:00,144.51986715096194,147.01158899839234,144.02152278147588,146.51324462890625,16607200,0.0,0.0
2022-08-08 00:00:00+07:00,147.01158172709486,149.5033034512829,146.51323738225724,149.0049591064453,21750300,0.0,0.0
2022-08-09 00:00:00+07:00,149.00495910644528,149.5033034512829,148.00827041677007,149.0049591064453,13887200,0.0,0.0
2022-08-10 00:00:00+07:00,149.00496668463586,149.5033110548186,147.01158920390495,148.50662231445312,17503100,0.0,0.0
2022-08-11 00:00:00+07:00,149.00496668463586,149.5033110548186,146.5132448337222,148.50662231445312,21050100,0.0,0.0
2022-08-15 00:00:00+07:00,149.50330375444773,151.99502548368852,149.00495940859957,150.9983367919922,29387600,0.0,0.0
2022-08-16 00:00:00+07:00,150.99833679199222,151.99502548368852,150.49999244614403,150.9983367919922,15818100,0.0,0.0
2022-08-17 00:00:00+07:00,151.49668904093951,153.9884109001655,150.50000029724913,153.4900665283203,33554700,0.0,0.0
2022-08-18 00:00:00+07:00,152.4933777846299,153.9884109001655,152.4933777846299,153.4900665283203,15416200,0.0,0.0
2022-08-19 00:00:00+07:00,153.49006652832028,154.98509964385588,152.9917221564751,153.4900665283203,16906800,0.0,0.0
2022-08-22 00:00:00+07:00,152.9917144775391,153.49005882437146,151.99502578387433,152.99171447753906,14559400,0.0,0.0
2022-08-23 00:00:00+07:00,151.99503351026968,154.9850997432586,151.49668913810484,154.48675537109375,19938800,0.0,0.0
2022-08-24 00:00:00+07:00,154.4867554689065,156.48013295882785,153.4900667239458,155.4834442138672,21238500,0.0,0.0
2022-08-25 00:00:00+07:00,156.480125499907,157.4768141973586,155.98178115118117,156.9784698486328,18704900,0.0,0.0
2022-08-26 00:00:00+07:00,156.97847742943247,157.97516617501617,155.48344431105693,156.48013305664062,26521800,0.0,0.0
2022-08-29 00:00:00+07:00,153.98841099892894,155.4834441154234,153.49006662676413,154.48675537109375,20463100,0.0,0.0
2022-08-30 00:00:00+07:00,154.48674781529468,155.9817808586685,154.48674781529468,154.98509216308594,23149500,0.0,0.0
2022-08-31 00:00:00+07:00,154.98509186486856,155.48343621170096,152.4933701307067,152.99171447753906,82612000,0.0,0.0
2022-09-01 00:00:00+07:00,152.49336998110914,153.4900586737961,150.99833694207865,151.99502563476562,17355300,0.0,0.0
2022-09-02 00:00:00+07:00,152.4933775851601,152.99172195635342,150.99834447158008,151.49668884277344,11854400,0.0,0.0
2022-09-05 00:00:00+07:00,151.49668128842214,152.49336998110914,150.49999259573516,151.99502563476562,10361400,0.0,0.0
2022-09-06 00:00:00+07:00,151.9950331125828,151.9950331125828,150.0016556291391,150.5,11672200,0.0,0.0
2022-09-07 00:00:00+07:00,150.5,150.5,147.0,148.0,18978300,0.5,0.0
2022-09-08 00:00:00+07:00,149.0,149.5,147.0,147.0,8312600,0.0,0.0
2022-09-09 00:00:00+07:00,148.0,150.0,148.0,149.0,8646300,0.0,0.0
2022-09-12 00:00:00+07:00,150.0,152.0,150.0,151.0,8259800,0.0,0.0
2022-09-13 00:00:00+07:00,151.5,152.0,150.5,151.0,5614000,0.0,0.0
2022-09-14 00:00:00+07:00,149.5,151.0,149.0,150.0,12294900,0.0,0.0
2022-09-15 00:00:00+07:00,149.5,150.0,148.5,148.5,8773200,0.0,0.0
2022-09-16 00:00:00+07:00,147.5,148.5,147.0,148.0,13324300,0.0,0.0
2022-09-19 00:00:00+07:00,148.0,149.5,148.0,149.5,10168800,0.0,0.0
2022-09-20 00:00:00+07:00,150.0,151.5,150.0,150.5,9069200,0.0,0.0
2022-09-21 00:00:00+07:00,150.5,151.0,149.5,150.0,6501900,0.0,0.0
2022-09-22 00:00:00+07:00,150.0,152.0,149.0,151.0,17417800,0.0,0.0
2022-09-23 00:00:00+07:00,151.0,152.0,149.5,151.5,11784500,0.0,0.0
2022-09-26 00:00:00+07:00,151.0,151.5,149.0,149.5,12446600,0.0,0.0
2022-09-27 00:00:00+07:00,148.5,149.0,144.0,145.0,28587000,0.0,0.0
2022-09-28 00:00:00+07:00,144.5,145.0,143.5,143.5,12503600,0.0,0.0
2022-09-29 00:00:00+07:00,145.0,146.5,144.0,144.5,14830300,0.0,0.0
2022-09-30 00:00:00+07:00,143.5,144.0,142.5,144.0,12203700,0.0,0.0
2022-10-03 00:00:00+07:00,143.0,143.5,140.0,140.5,18278900,0.0,0.0
2022-10-04 00:00:00+07:00,142.5,143.0,142.0,142.5,8037100,0.0,0.0
2022-10-05 00:00:00+07:00,143.5,143.5,141.5,142.0,16290700,0.0,0.0
2022-10-06 00:00:00+07:00,142.5,144.0,142.5,142.5,16147500,0.0,0.0
2022-10-07 00:00:00+07:00,143.0,143.5,142.0,143.0,6795100,0.0,0.0
2022-10-10 00:00:00+07:00,142.0,142.5,141.5,142.0,4895100,0.0,0.0
2022-10-11 00:00:00+07:00,142.0,143.5,141.0,143.5,7807500,0.0,0.0
2022-10-12 00:00:00+07:00,143.5,145.0,143.5,144.0,7743600,0.0,0.0
2022-10-17 00:00:00+07:00,144.0,145.5,143.5,145.5,12222600,0.0,0.0
2022-10-18 00:00:00+07:00,146.0,147.0,145.5,146.5,10067500,0.0,0.0
2022-10-19 00:00:00+07:00,147.0,148.5,146.5,148.0,8631600,0.0,0.0
2022-10-20 00:00:00+07:00,147.5,149.0,147.0,148.5,8832900,0.0,0.0
2022-10-21 00:00:00+07:00,146.5,148.0,145.5,146.0,18401000,0.0,0.0
2022-10-25 00:00:00+07:00,144.5,144.5,140.5,141.5,44883200,0.0,0.0
2022-10-26 00:00:00+07:00,142.0,142.0,140.0,141.5,18221700,0.0,0.0
2022-10-27 00:00:00+07:00,142.0,143.0,141.0,143.0,14530500,0.0,0.0
2022-10-28 00:00:00+07:00,143.0,143.5,142.0,142.5,9927500,0.0,0.0
2022-10-31 00:00:00+07:00,143.5,146.5,143.0,146.0,17752800,0.0,0.0
2022-11-01 00:00:00+07:00,147.5,147.5,145.5,146.5,11550400,0.0,0.0
2022-11-02 00:00:00+07:00,147.0,147.5,145.5,147.0,9627600,0.0,0.0
2022-11-03 00:00:00+07:00,147.0,149.5,146.5,149.5,14693000,0.0,0.0
2022-11-04 00:00:00+07:00,149.0,149.5,148.0,148.5,12164700,0.0,0.0
2022-11-07 00:00:00+07:00,149.0,149.5,148.0,148.0,5119300,0.0,0.0
2022-11-08 00:00:00+07:00,149.0,149.5,148.0,148.5,5572100,0.0,0.0
2022-11-09 00:00:00+07:00,149.5,150.0,147.5,147.5,9537100,0.0,0.0
2022-11-10 00:00:00+07:00,146.5,149.0,146.0,148.0,10168200,0.0,0.0
2022-11-11 00:00:00+07:00,149.0,149.5,147.5,148.0,12981500,0.0,0.0
2022-11-14 00:00:00+07:00,146.0,147.0,144.0,144.5,17568200,0.0,0.0
2022-11-15 00:00:00+07:00,144.5,146.0,144.5,144.5,13430800,0.0,0.0
2022-11-16 00:00:00+07:00,144.5,145.0,144.0,145.0,9768600,0.0,0.0
2022-11-17 00:00:00+07:00,145.0,145.0,143.0,143.5,10765400,0.0,0.0
2022-11-18 00:00:00+07:00,143.5,143.5,142.0,143.0,9257400,0.0,0.0
2022-11-21 00:00:00+07:00,143.0,143.5,142.0,142.5,10003000,0.0,0.0
2022-11-22 00:00:00+07:00,142.5,144.0,142.5,143.5,5287300,0.0,0.0
2022-11-23 00:00:00+07:00,143.5,143.5,142.5,143.0,6272600,0.0,0.0
2022-11-24 00:00:00+07:00,143.5,144.0,143.0,143.5,2776000,0.0,0.0
2022-11-25 00:00:00+07:00,143.5,144.5,143.0,143.5,5736300,0.0,0.0
2022-11-28 00:00:00+07:00,142.5,143.5,141.5,143.5,7093400,0.0,0.0
2022-11-29 00:00:00+07:00,143.5,146.0,143.0,145.5,11822300,0.0,0.0
2022-11-30 00:00:00+07:00,145.0,145.0,144.0,144.5,15367800,0.0,0.0
